{
    "metadata":{
        "uvs":0,
        "vertices":36,
        "faces":52,
        "generator":"io_three",
        "morphTargets":1,
        "version":3,
        "normals":52,
        "type":"Geometry"
    },
    "morphTargets":[{
        "vertices":[1,-0.397441,-0.731142,-0.140955,-0.388131,-1,0.783566,-0.822382,0.97177,2.32754,-0.104684,-0.131936,2.39208,-0.081738,0.0634407,0.783566,-5.33861e-07,1.19518,-5.33457e-07,-0.749728,1,-0.0663588,-4.56895e-09,0.937238,-1.49012e-07,-1.78814e-07,1,0.783566,-0.355106,1.06869,0.721072,-1.43581,2.19386,0.645157,-0.423438,1.35102,0.5,-3.57628e-07,1,0.721072,-1.32613,2.19386,2.39208,1.7236e-08,0.0634407,1,0,-1,2.32754,-2.66977e-08,-0.12755,-0.767634,-2.77093e-09,-1,1,-0.161393,-0.821786,2.06662,-0.397971,-0.396428,2.16534,-1.93301e-08,-0.396428,1,-0.298524,-0.821786,1,-0.0955476,-0.821786,1.34078,-0.555435,-0.470797,1.34078,-6.78056e-09,-0.589607,1.34078,-0.396527,-0.589607,1.34078,-0.198264,-0.589607,1.30598,-0.476903,-0.557468,0.783566,-0.499728,1.04328,2.39208,-0.0445748,0.0634407,1.6537,-0.397971,0.367627,0.783566,-0.144623,1.15901,1.6537,-2.59098e-07,0.394273,0.360536,-0.90125,1.34606,0.5,-0.686795,0.0891072,0.704393,-0.75142,0.435166],
        "name":"Key 1"
    }],
    "uvs":[],
    "vertices":[-0.397441,-0.731142,1,-0.388131,-1,-0.140955,-0.822382,0.97177,0.783565,-0.104683,-0.131936,2.32754,-0.081738,0.0634408,2.39208,-5.24517e-07,1.19518,0.783566,-0.749728,1,-5.68228e-07,-5.36027e-09,0.937238,-0.0663588,-1.78814e-07,1,-1.92723e-07,-0.355106,1.06869,0.783566,-1.05277,1.69212,0.721072,-0.423438,1.35102,0.645157,-3.51665e-07,1,0.5,-0.729246,1.69212,0.721072,4.57614e-08,0.0634408,2.39208,1.19249e-08,-1,1,1.05787e-09,-0.12755,2.32754,-1.19249e-08,-1,-0.767634,-0.161393,-0.821786,1,-0.397971,-0.396427,2.06662,6.49138e-09,-0.396427,2.16534,-0.298524,-0.821786,1,-0.0955476,-0.821786,1,-0.555435,-0.470797,1.34078,9.20813e-09,-0.589606,1.34078,-0.396527,-0.589606,1.34078,-0.198264,-0.589606,1.34078,-0.476903,-0.557468,1.30598,-0.499728,1.04328,0.783566,-0.0445747,0.0634408,2.39208,-0.397971,0.367627,1.6537,-0.144623,1.15901,0.783566,-2.39378e-07,0.394273,1.6537,-0.90125,1.34606,0.360536,-0.686795,0.0891072,0.5,-0.75142,0.435167,0.704393],
    "faces":[32,6,34,33,0,0,0,32,6,1,34,1,1,1,32,11,10,13,2,2,2,32,9,13,28,3,3,3,32,5,12,31,4,4,4,33,12,8,11,13,5,5,5,5,32,0,2,35,6,6,6,32,10,11,33,7,7,7,32,11,7,6,8,8,8,32,11,8,7,9,9,9,33,1,6,7,17,10,10,10,10,33,20,16,3,19,11,11,11,11,32,19,2,23,12,12,12,32,30,2,19,13,13,13,32,2,0,23,14,14,14,32,20,19,26,15,15,15,32,3,16,14,16,16,16,32,14,29,4,17,17,17,32,14,4,3,18,18,18,32,18,1,17,19,19,19,32,15,22,17,20,20,20,32,22,18,17,21,21,21,32,21,0,1,22,22,22,32,18,21,1,23,23,23,32,25,27,18,24,24,24,33,26,25,18,22,25,25,25,25,32,23,0,21,26,26,26,33,18,27,23,21,27,27,27,27,33,15,24,26,22,28,28,28,28,32,9,28,30,29,29,29,32,29,14,32,30,30,30,32,31,13,9,31,31,31,32,12,13,31,32,32,32,32,28,10,2,33,33,33,32,13,10,28,34,34,34,32,28,2,30,35,35,35,33,3,4,30,19,36,36,36,36,32,23,27,25,37,37,37,32,26,24,20,38,38,38,32,23,25,19,39,39,39,32,25,26,19,40,40,40,32,11,6,33,41,41,41,32,2,10,35,42,42,42,32,1,0,34,43,43,43,32,33,35,10,44,44,44,32,33,34,35,45,45,45,32,34,0,35,46,46,46,32,30,32,31,47,47,47,32,32,5,31,48,48,48,32,31,9,30,49,49,49,32,30,4,32,50,50,50,32,4,29,32,51,51,51],
    "normals":[-0.956823,-0.187859,-0.221807,-0.970928,-0.163201,-0.17511,0,0.217248,-0.976116,-0.0158668,0.0902982,0.995788,-0.201787,0.806781,-0.555325,0.601207,0.785631,-0.146062,-0.905162,-0.176739,0.386581,0.33499,0.746132,-0.575386,0.0296632,0.871637,-0.489253,-0.406304,0.663852,-0.627868,-0.50999,0.13489,-0.849538,-0.154925,-0.560292,0.813677,-0.970837,-0.0945564,0.220305,-0.747957,0.315575,0.583928,-0.93619,-0.263221,-0.232945,-0.0598649,-0.968598,0.241319,0.0134133,-0.320136,0.947277,0,-1,0,-2.76963e-06,-0.31369,0.949525,0.186293,-0.975696,0.11538,-0.881324,-0.472512,3.12667e-08,0,-0.994956,0.100312,-0.66624,-0.727052,0.165888,0,-0.98802,0.154326,-0.454827,-0.850123,0.265375,0,-0.826423,0.563049,-0.655426,-0.715251,0.242554,-0.231469,-0.798884,0.555163,-0.419291,-0.691259,0.58852,-0.136123,0.774715,0.617484,0,0.912587,0.408882,-0.0340785,0.0794159,0.996259,0.676181,0.733721,-0.0665803,-0.0178942,0.0807343,0.996575,-0,0.0958729,0.995394,-0.170339,0.76855,0.616698,-0.83155,0.20704,0.515421,-0.503589,-0.673551,0.541042,0,-0.973637,0.228105,-0.585786,-0.78349,0.207359,0,-0.96636,0.257195,0.33499,0.746132,-0.575386,-0.766131,-0.191818,0.613392,-0.952535,-0.297958,0.0624386,-0.956356,-0.22684,-0.184195,-0.985083,-0.170584,-0.0226514,-0.957301,-0.256983,0.132416,-0.0499527,0.746062,0.664001,-0.180987,0.723615,0.666052,-0.319867,0.745424,0.584832,-0.0611556,0.913388,0.402471,-2.62315e-06,0.912588,0.408881]
}