{
    "morphTargets":[],
    "faces":[32,5,1,20,0,0,0,33,16,9,18,4,1,1,1,1,32,7,5,19,2,2,2,32,20,19,5,3,3,3,32,1,5,11,4,4,4,32,13,3,12,5,5,5,32,17,2,12,6,6,6,32,14,2,0,7,7,7,32,3,10,9,8,8,8,32,9,16,4,9,9,9,32,9,4,3,10,10,10,32,1,11,14,11,11,11,32,14,12,2,12,12,12,32,0,1,14,13,13,13,32,15,17,18,14,14,14,32,3,4,17,15,15,15,32,15,6,2,16,16,16,32,8,6,15,17,17,17,32,15,2,17,18,18,18,32,3,17,12,19,19,19,32,14,13,12,20,20,20,32,20,0,2,21,21,21,32,1,0,20,22,22,22,32,19,20,2,23,23,23,32,7,15,18,24,24,24,32,17,4,18,25,25,25,32,13,10,3,26,26,26,32,19,6,8,27,27,27,32,7,19,8,28,28,28,32,7,8,15,29,29,29,32,2,6,19,30,30,30],
    "uvs":[],
    "normals":[-0.745544,0.174143,-0.643302,-1.19265e-06,0.912587,0.408881,0.274032,0.927181,-0.255424,-0.535571,-0.124112,-0.83532,-0.390546,0.113425,-0.913569,-0.297015,-0.581849,0.757122,-0.865218,0.099863,0.491351,-0.637029,-0.0613019,0.768398,0.0134133,-0.320136,0.947277,0,-1,0,-2.76963e-06,-0.31369,0.949525,0.102775,-0.965215,0.240412,-0.848666,-0.504124,-0.16008,0.147251,-0.962462,0.227999,-0.0526105,0.785758,0.616292,-0.921953,-0.0195129,0.386811,-0.0401932,0.181345,0.982598,0.0087366,0.221414,0.975141,-0.170339,0.76855,0.616698,-0.896301,0.0654013,0.438598,-0.0891284,-0.969762,0.227197,-0.955545,-0.212461,0.204437,-0.952535,-0.297958,0.0624386,-0.984991,-0.166234,0.0464642,-0.312887,0.666412,0.676755,-0.0611556,0.913388,0.402471,0.0216369,-0.516407,0.85607,-0.00786188,0.479498,-0.877508,0.439676,0.249143,-0.862909,-0.203584,0.144776,0.968294,-0.933273,-0.327593,-0.147253],
    "metadata":{
        "faces":31,
        "uvs":0,
        "type":"Geometry",
        "version":3,
        "morphTargets":0,
        "generator":"io_three",
        "normals":31,
        "vertices":21
    },
    "vertices":[-0.397441,-0.731142,1,-0.388131,-1,-0.140955,-0.822382,0.97177,0.783565,-0.104683,-0.131936,2.32754,-0.081738,0.0634408,2.39208,-5.36027e-09,0.937238,-0.0663588,-1.05277,1.69212,0.641196,-3.51665e-07,1.19411,0.866082,-0.729246,1.69212,0.638298,4.57614e-08,0.0634408,2.39208,1.05787e-09,-0.12755,2.32754,-1.19249e-08,-1,-0.306879,-0.251662,-0.396427,2.06662,6.49138e-09,-0.396427,2.16534,9.20813e-09,-0.589606,1.34078,-0.499728,1.04328,0.783566,-0.0445747,0.0634408,2.39208,-0.397971,0.367627,1.6537,-2.39378e-07,0.394273,1.6537,-0.90125,1.34606,0.450741,-0.686795,0.0891072,0.5]
}